<?xml version="1.0" encoding="UTF-8"?>
<!DOCTYPE hibernate-mapping PUBLIC "-//Hibernate/Hibernate Mapping DTD 3.0//EN" "http://hibernate.sourceforge.net/hibernate-mapping-3.0.dtd">
<hibernate-mapping>
  <class dynamic-insert="false" dynamic-update="false" mutable="true" name="persistent" optimistic-lock="version" polymorphism="implicit" select-before-update="false" table="CITIES" />
<meta attribute="class-description">
         This class contains the cities detail. 
      </meta>
      <id name="Id" type="int" column="id">
         <generator class="native"/>
      </id>
      
      <property name="country" column="Country" type="string"/>
      <property name="region" column="Region" type="string"/>
      <property name="city" column="City" type="string"/>
      <property name="postalCode" column="postal_code" type="string"/>
      <property name="lattitude" column="lattitude" type="float"/>
      <property name="longitude" column="longitude" type="float"/>
      <property name="metroCode" column="metro_code" type="int"/>
      <property name="areaCode" column="area_code" type="int"/>   
  </class>
</hibernate-mapping>
